timestamp_utc,ip,cpu_percent
2026-02-05T15:13:35+00:00,192.168.56.20,
2026-02-05T15:13:35+00:00,192.168.56.21,
2026-02-05T15:14:09+00:00,192.168.56.20,
2026-02-05T15:14:09+00:00,192.168.56.21,
2026-02-05T15:14:43+00:00,192.168.56.20,
2026-02-05T15:14:43+00:00,192.168.56.21,
2026-02-05T15:15:18+00:00,192.168.56.20,
2026-02-05T15:15:18+00:00,192.168.56.21,
2026-02-05T15:15:52+00:00,192.168.56.20,
2026-02-05T15:15:52+00:00,192.168.56.21,
2026-02-05T15:16:27+00:00,192.168.56.20,
2026-02-05T15:16:27+00:00,192.168.56.21,
2026-02-05T15:17:01+00:00,192.168.56.20,
2026-02-05T15:17:01+00:00,192.168.56.21,
2026-02-05T15:17:35+00:00,192.168.56.20,
2026-02-05T15:17:35+00:00,192.168.56.21,
2026-02-05T15:18:10+00:00,192.168.56.20,
2026-02-05T15:18:10+00:00,192.168.56.21,
2026-02-05T15:18:45+00:00,192.168.56.20,
2026-02-05T15:18:45+00:00,192.168.56.21,
2026-02-05T15:19:20+00:00,192.168.56.20,
2026-02-05T15:19:20+00:00,192.168.56.21,
2026-02-05T15:19:55+00:00,192.168.56.20,
2026-02-05T15:19:55+00:00,192.168.56.21,
2026-02-05T15:20:30+00:00,192.168.56.20,
2026-02-05T15:20:30+00:00,192.168.56.21,
2026-02-05T15:21:05+00:00,192.168.56.20,
2026-02-05T15:21:05+00:00,192.168.56.21,
2026-02-05T15:21:39+00:00,192.168.56.20,
2026-02-05T15:21:39+00:00,192.168.56.21,
2026-02-05T15:22:13+00:00,192.168.56.20,
2026-02-05T15:22:13+00:00,192.168.56.21,
2026-02-05T15:22:48+00:00,192.168.56.20,
2026-02-05T15:22:48+00:00,192.168.56.21,
2026-02-05T15:23:22+00:00,192.168.56.20,
2026-02-05T15:23:22+00:00,192.168.56.21,
2026-02-05T15:23:56+00:00,192.168.56.20,
2026-02-05T15:23:56+00:00,192.168.56.21,
2026-02-05T15:24:31+00:00,192.168.56.20,
2026-02-05T15:24:31+00:00,192.168.56.21,
2026-02-05T15:25:05+00:00,192.168.56.20,
2026-02-05T15:25:05+00:00,192.168.56.21,
2026-02-05T15:25:40+00:00,192.168.56.20,
2026-02-05T15:25:40+00:00,192.168.56.21,
2026-02-05T15:26:14+00:00,192.168.56.20,
2026-02-05T15:26:14+00:00,192.168.56.21,
2026-02-05T15:26:49+00:00,192.168.56.20,
2026-02-05T15:26:49+00:00,192.168.56.21,
2026-02-05T15:27:24+00:00,192.168.56.20,
2026-02-05T15:27:24+00:00,192.168.56.21,
2026-02-05T15:27:59+00:00,192.168.56.20,
2026-02-05T15:27:59+00:00,192.168.56.21,
2026-02-05T15:28:33+00:00,192.168.56.20,
2026-02-05T15:28:33+00:00,192.168.56.21,
2026-02-05T15:29:07+00:00,192.168.56.20,
2026-02-05T15:29:07+00:00,192.168.56.21,
2026-02-05T15:29:42+00:00,192.168.56.20,
2026-02-05T15:29:42+00:00,192.168.56.21,
2026-02-05T15:30:17+00:00,192.168.56.20,
2026-02-05T15:30:17+00:00,192.168.56.21,
2026-02-05T15:30:52+00:00,192.168.56.20,
2026-02-05T15:30:52+00:00,192.168.56.21,
2026-02-05T15:31:26+00:00,192.168.56.20,
2026-02-05T15:31:26+00:00,192.168.56.21,
2026-02-05T15:32:00+00:00,192.168.56.20,
2026-02-05T15:32:00+00:00,192.168.56.21,
2026-02-05T15:32:35+00:00,192.168.56.20,
2026-02-05T15:32:35+00:00,192.168.56.21,
2026-02-05T15:33:11+00:00,192.168.56.20,
2026-02-05T15:33:11+00:00,192.168.56.21,
2026-02-05T15:33:45+00:00,192.168.56.20,
2026-02-05T15:33:45+00:00,192.168.56.21,
2026-02-05T15:34:19+00:00,192.168.56.20,
2026-02-05T15:34:19+00:00,192.168.56.21,
2026-02-05T15:34:55+00:00,192.168.56.20,
2026-02-05T15:34:55+00:00,192.168.56.21,
2026-02-05T15:35:30+00:00,192.168.56.20,
2026-02-05T15:35:30+00:00,192.168.56.21,
2026-02-05T15:36:04+00:00,192.168.56.20,
2026-02-05T15:36:04+00:00,192.168.56.21,
2026-02-05T15:36:39+00:00,192.168.56.20,
2026-02-05T15:36:39+00:00,192.168.56.21,
2026-02-05T15:37:13+00:00,192.168.56.20,
2026-02-05T15:37:13+00:00,192.168.56.21,
2026-02-05T15:37:48+00:00,192.168.56.20,
2026-02-05T15:37:48+00:00,192.168.56.21,
2026-02-05T15:38:22+00:00,192.168.56.20,
2026-02-05T15:38:22+00:00,192.168.56.21,
2026-02-05T15:38:57+00:00,192.168.56.20,
2026-02-05T15:38:57+00:00,192.168.56.21,
2026-02-05T15:39:31+00:00,192.168.56.20,
2026-02-05T15:39:31+00:00,192.168.56.21,
2026-02-05T15:40:06+00:00,192.168.56.20,
2026-02-05T15:40:06+00:00,192.168.56.21,
2026-02-05T15:40:41+00:00,192.168.56.20,
2026-02-05T15:40:41+00:00,192.168.56.21,
2026-02-05T15:41:15+00:00,192.168.56.20,
2026-02-05T15:41:15+00:00,192.168.56.21,
2026-02-05T15:41:50+00:00,192.168.56.20,
2026-02-05T15:41:50+00:00,192.168.56.21,
2026-02-05T15:42:24+00:00,192.168.56.20,
2026-02-05T15:42:24+00:00,192.168.56.21,
2026-02-05T15:42:59+00:00,192.168.56.20,
2026-02-05T15:42:59+00:00,192.168.56.21,
2026-02-05T15:43:33+00:00,192.168.56.20,
2026-02-05T15:43:33+00:00,192.168.56.21,
2026-02-05T15:44:07+00:00,192.168.56.20,
2026-02-05T15:44:07+00:00,192.168.56.21,
2026-02-05T15:44:42+00:00,192.168.56.20,
2026-02-05T15:44:42+00:00,192.168.56.21,
2026-02-05T15:45:18+00:00,192.168.56.20,
2026-02-05T15:45:18+00:00,192.168.56.21,
2026-02-05T15:45:53+00:00,192.168.56.20,
2026-02-05T15:45:53+00:00,192.168.56.21,
2026-02-05T15:46:28+00:00,192.168.56.20,
2026-02-05T15:46:28+00:00,192.168.56.21,
2026-02-05T15:47:02+00:00,192.168.56.20,
2026-02-05T15:47:02+00:00,192.168.56.21,
2026-02-05T15:47:37+00:00,192.168.56.20,
2026-02-05T15:47:37+00:00,192.168.56.21,
2026-02-05T15:48:11+00:00,192.168.56.20,
2026-02-05T15:48:11+00:00,192.168.56.21,
2026-02-05T15:48:45+00:00,192.168.56.20,
2026-02-05T15:48:45+00:00,192.168.56.21,
2026-02-05T15:49:20+00:00,192.168.56.20,
2026-02-05T15:49:20+00:00,192.168.56.21,
2026-02-05T15:49:54+00:00,192.168.56.20,
2026-02-05T15:49:54+00:00,192.168.56.21,
2026-02-05T15:50:29+00:00,192.168.56.20,
2026-02-05T15:50:29+00:00,192.168.56.21,
2026-02-05T15:51:04+00:00,192.168.56.20,
2026-02-05T15:51:04+00:00,192.168.56.21,
2026-02-05T15:51:39+00:00,192.168.56.20,
2026-02-05T15:51:39+00:00,192.168.56.21,
2026-02-05T15:52:13+00:00,192.168.56.20,
2026-02-05T15:52:13+00:00,192.168.56.21,
2026-02-05T15:52:47+00:00,192.168.56.20,
2026-02-05T15:52:47+00:00,192.168.56.21,
2026-02-05T15:53:22+00:00,192.168.56.20,
2026-02-05T15:53:22+00:00,192.168.56.21,
2026-02-05T15:53:57+00:00,192.168.56.20,
2026-02-05T15:53:57+00:00,192.168.56.21,
2026-02-05T15:54:31+00:00,192.168.56.20,
2026-02-05T15:54:31+00:00,192.168.56.21,
2026-02-05T15:55:06+00:00,192.168.56.20,
2026-02-05T15:55:06+00:00,192.168.56.21,
2026-02-05T15:55:42+00:00,192.168.56.20,
2026-02-05T15:55:42+00:00,192.168.56.21,
2026-02-05T15:56:16+00:00,192.168.56.20,
2026-02-05T15:56:16+00:00,192.168.56.21,
2026-02-05T15:56:51+00:00,192.168.56.20,
2026-02-05T15:56:51+00:00,192.168.56.21,
2026-02-05T15:57:27+00:00,192.168.56.20,
2026-02-05T15:57:27+00:00,192.168.56.21,
2026-02-05T15:58:01+00:00,192.168.56.20,
2026-02-05T15:58:01+00:00,192.168.56.21,
2026-02-05T15:58:36+00:00,192.168.56.20,
2026-02-05T15:58:36+00:00,192.168.56.21,
2026-02-05T15:59:10+00:00,192.168.56.20,
2026-02-05T15:59:10+00:00,192.168.56.21,
2026-02-05T15:59:45+00:00,192.168.56.20,
2026-02-05T15:59:45+00:00,192.168.56.21,
2026-02-05T16:00:20+00:00,192.168.56.20,
2026-02-05T16:00:20+00:00,192.168.56.21,
2026-02-05T16:00:54+00:00,192.168.56.20,
2026-02-05T16:00:54+00:00,192.168.56.21,
2026-02-05T16:01:28+00:00,192.168.56.20,
2026-02-05T16:01:28+00:00,192.168.56.21,
2026-02-05T16:02:03+00:00,192.168.56.20,
2026-02-05T16:02:03+00:00,192.168.56.21,
2026-02-05T16:02:38+00:00,192.168.56.20,
2026-02-05T16:02:38+00:00,192.168.56.21,
2026-02-05T16:03:12+00:00,192.168.56.20,
2026-02-05T16:03:12+00:00,192.168.56.21,
2026-02-05T16:03:47+00:00,192.168.56.20,
2026-02-05T16:03:47+00:00,192.168.56.21,
2026-02-05T16:04:22+00:00,192.168.56.20,
2026-02-05T16:04:22+00:00,192.168.56.21,
2026-02-05T16:04:57+00:00,192.168.56.20,
2026-02-05T16:04:57+00:00,192.168.56.21,
2026-02-05T16:05:31+00:00,192.168.56.20,
2026-02-05T16:05:31+00:00,192.168.56.21,
2026-02-05T16:06:07+00:00,192.168.56.20,
2026-02-05T16:06:07+00:00,192.168.56.21,
2026-02-05T16:06:42+00:00,192.168.56.20,
2026-02-05T16:06:42+00:00,192.168.56.21,
2026-02-05T16:07:16+00:00,192.168.56.20,
2026-02-05T16:07:16+00:00,192.168.56.21,
2026-02-06T14:24:13+00:00,192.168.56.20,
2026-02-06T14:24:13+00:00,192.168.56.21,
2026-02-06T14:24:48+00:00,192.168.56.20,
2026-02-06T14:24:48+00:00,192.168.56.21,
2026-02-06T14:25:23+00:00,192.168.56.20,
2026-02-06T14:25:23+00:00,192.168.56.21,
2026-02-06T14:25:58+00:00,192.168.56.20,
2026-02-06T14:25:58+00:00,192.168.56.21,
2026-02-06T14:26:34+00:00,192.168.56.20,
2026-02-06T14:26:34+00:00,192.168.56.21,
2026-02-06T14:27:09+00:00,192.168.56.20,
2026-02-06T14:27:09+00:00,192.168.56.21,
2026-02-06T14:27:44+00:00,192.168.56.20,
2026-02-06T14:27:44+00:00,192.168.56.21,
2026-02-06T14:28:18+00:00,192.168.56.20,
2026-02-06T14:28:18+00:00,192.168.56.21,
2026-02-06T14:28:53+00:00,192.168.56.20,
2026-02-06T14:28:53+00:00,192.168.56.21,
2026-02-06T14:29:28+00:00,192.168.56.20,
2026-02-06T14:29:28+00:00,192.168.56.21,
2026-02-06T14:30:03+00:00,192.168.56.20,
2026-02-06T14:30:03+00:00,192.168.56.21,
2026-02-06T14:30:38+00:00,192.168.56.20,
2026-02-06T14:30:38+00:00,192.168.56.21,
2026-02-06T14:31:12+00:00,192.168.56.20,
2026-02-06T14:31:12+00:00,192.168.56.21,
2026-02-06T14:31:47+00:00,192.168.56.20,
2026-02-06T14:31:47+00:00,192.168.56.21,
2026-02-06T14:32:22+00:00,192.168.56.20,
2026-02-06T14:32:22+00:00,192.168.56.21,
2026-02-06T14:32:57+00:00,192.168.56.20,
2026-02-06T14:32:57+00:00,192.168.56.21,
2026-04-13T17:39:06+00:00,192.168.56.20,
2026-04-13T17:39:06+00:00,192.168.56.21,
2026-04-13T17:39:36+00:00,192.168.56.20,
2026-04-13T17:39:36+00:00,192.168.56.21,
2026-04-13T17:40:06+00:00,192.168.56.20,
2026-04-13T17:40:06+00:00,192.168.56.21,
2026-04-13T17:40:36+00:00,192.168.56.20,
2026-04-13T17:40:36+00:00,192.168.56.21,
2026-04-14T09:51:25+00:00,192.168.56.20,
2026-04-14T09:51:25+00:00,192.168.56.21,
2026-04-14T09:51:56+00:00,192.168.56.20,
2026-04-14T09:51:56+00:00,192.168.56.21,
2026-04-14T09:52:26+00:00,192.168.56.20,
2026-04-14T09:52:26+00:00,192.168.56.21,
2026-04-14T09:52:56+00:00,192.168.56.20,
2026-04-14T09:52:56+00:00,192.168.56.21,
2026-04-14T09:53:26+00:00,192.168.56.20,
2026-04-14T09:53:26+00:00,192.168.56.21,
2026-04-14T09:53:56+00:00,192.168.56.20,
2026-04-14T09:53:56+00:00,192.168.56.21,
2026-04-14T09:54:26+00:00,192.168.56.20,
2026-04-14T09:54:26+00:00,192.168.56.21,
2026-04-14T09:54:56+00:00,192.168.56.20,
2026-04-14T09:54:56+00:00,192.168.56.21,
2026-04-14T09:55:26+00:00,192.168.56.20,
2026-04-14T09:55:26+00:00,192.168.56.21,
2026-04-14T09:55:56+00:00,192.168.56.20,
2026-04-14T09:55:56+00:00,192.168.56.21,
2026-04-14T09:56:26+00:00,192.168.56.20,
2026-04-14T09:56:26+00:00,192.168.56.21,
2026-04-14T09:56:56+00:00,192.168.56.20,
2026-04-14T09:56:56+00:00,192.168.56.21,
2026-04-14T09:57:26+00:00,192.168.56.20,
2026-04-14T09:57:26+00:00,192.168.56.21,
2026-04-14T09:57:56+00:00,192.168.56.20,
2026-04-14T09:57:56+00:00,192.168.56.21,
2026-04-14T09:58:26+00:00,192.168.56.20,
2026-04-14T09:58:26+00:00,192.168.56.21,
2026-04-14T09:58:56+00:00,192.168.56.20,
2026-04-14T09:58:56+00:00,192.168.56.21,
2026-04-14T09:59:26+00:00,192.168.56.20,
2026-04-14T09:59:26+00:00,192.168.56.21,
2026-04-14T09:59:56+00:00,192.168.56.20,
2026-04-14T09:59:56+00:00,192.168.56.21,
2026-04-14T10:00:26+00:00,192.168.56.20,
2026-04-14T10:00:26+00:00,192.168.56.21,
2026-04-14T10:00:56+00:00,192.168.56.20,
2026-04-14T10:00:56+00:00,192.168.56.21,
2026-04-14T10:01:26+00:00,192.168.56.20,
2026-04-14T10:01:26+00:00,192.168.56.21,
2026-04-14T10:01:56+00:00,192.168.56.20,
2026-04-14T10:01:56+00:00,192.168.56.21,
2026-04-14T10:02:26+00:00,192.168.56.20,
2026-04-14T10:02:26+00:00,192.168.56.21,
2026-04-14T10:02:56+00:00,192.168.56.20,
2026-04-14T10:02:56+00:00,192.168.56.21,
2026-04-14T10:03:26+00:00,192.168.56.20,
2026-04-14T10:03:26+00:00,192.168.56.21,
2026-04-14T10:03:56+00:00,192.168.56.20,
2026-04-14T10:03:56+00:00,192.168.56.21,
2026-04-14T10:04:26+00:00,192.168.56.20,
2026-04-14T10:04:26+00:00,192.168.56.21,
2026-04-14T10:04:56+00:00,192.168.56.20,
2026-04-14T10:04:56+00:00,192.168.56.21,
2026-04-14T10:05:26+00:00,192.168.56.20,
2026-04-14T10:05:26+00:00,192.168.56.21,
2026-04-14T10:05:56+00:00,192.168.56.20,
2026-04-14T10:05:56+00:00,192.168.56.21,
2026-04-14T10:06:26+00:00,192.168.56.20,
2026-04-14T10:06:26+00:00,192.168.56.21,
2026-04-14T10:06:56+00:00,192.168.56.20,
2026-04-14T10:06:56+00:00,192.168.56.21,
2026-04-14T10:07:26+00:00,192.168.56.20,
2026-04-14T10:07:26+00:00,192.168.56.21,
2026-04-14T10:07:56+00:00,192.168.56.20,
2026-04-14T10:07:56+00:00,192.168.56.21,
2026-04-14T10:08:26+00:00,192.168.56.20,
2026-04-14T10:08:26+00:00,192.168.56.21,
2026-04-14T10:08:56+00:00,192.168.56.20,
2026-04-14T10:08:56+00:00,192.168.56.21,
2026-04-14T10:09:26+00:00,192.168.56.20,
2026-04-14T10:09:26+00:00,192.168.56.21,
2026-04-14T10:09:56+00:00,192.168.56.20,
2026-04-14T10:09:56+00:00,192.168.56.21,
2026-04-14T10:10:26+00:00,192.168.56.20,
2026-04-14T10:10:26+00:00,192.168.56.21,
2026-04-14T10:10:56+00:00,192.168.56.20,
2026-04-14T10:10:56+00:00,192.168.56.21,
2026-04-14T10:11:26+00:00,192.168.56.20,
2026-04-14T10:11:26+00:00,192.168.56.21,
2026-04-14T10:11:56+00:00,192.168.56.20,
2026-04-14T10:11:56+00:00,192.168.56.21,
2026-04-14T10:12:26+00:00,192.168.56.20,
2026-04-14T10:12:26+00:00,192.168.56.21,
2026-04-14T10:12:56+00:00,192.168.56.20,
2026-04-14T10:12:56+00:00,192.168.56.21,
2026-04-14T10:13:26+00:00,192.168.56.20,
2026-04-14T10:13:26+00:00,192.168.56.21,
2026-04-14T10:13:56+00:00,192.168.56.20,
2026-04-14T10:13:56+00:00,192.168.56.21,
2026-04-14T10:14:26+00:00,192.168.56.20,
2026-04-14T10:14:26+00:00,192.168.56.21,
2026-04-14T10:14:56+00:00,192.168.56.20,
2026-04-14T10:14:56+00:00,192.168.56.21,
2026-04-14T10:15:26+00:00,192.168.56.20,
2026-04-14T10:15:26+00:00,192.168.56.21,
2026-04-14T10:15:56+00:00,192.168.56.20,
2026-04-14T10:15:56+00:00,192.168.56.21,
2026-04-14T10:16:26+00:00,192.168.56.20,
2026-04-14T10:16:26+00:00,192.168.56.21,
2026-04-14T10:16:56+00:00,192.168.56.20,
2026-04-14T10:16:56+00:00,192.168.56.21,
2026-04-14T10:17:26+00:00,192.168.56.20,
2026-04-14T10:17:26+00:00,192.168.56.21,
2026-04-14T10:17:56+00:00,192.168.56.20,
2026-04-14T10:17:56+00:00,192.168.56.21,
2026-04-14T10:18:26+00:00,192.168.56.20,
2026-04-14T10:18:26+00:00,192.168.56.21,
2026-04-14T10:18:56+00:00,192.168.56.20,
2026-04-14T10:18:56+00:00,192.168.56.21,
2026-04-14T10:19:26+00:00,192.168.56.20,
2026-04-14T10:19:26+00:00,192.168.56.21,
2026-04-14T10:19:56+00:00,192.168.56.20,
2026-04-14T10:19:56+00:00,192.168.56.21,
2026-04-14T10:20:26+00:00,192.168.56.20,
2026-04-14T10:20:26+00:00,192.168.56.21,
2026-04-14T10:20:56+00:00,192.168.56.20,
2026-04-14T10:20:56+00:00,192.168.56.21,
2026-04-14T10:21:26+00:00,192.168.56.20,
2026-04-14T10:21:26+00:00,192.168.56.21,
2026-04-14T10:21:56+00:00,192.168.56.20,
2026-04-14T10:21:56+00:00,192.168.56.21,
2026-04-14T10:22:26+00:00,192.168.56.20,
2026-04-14T10:22:26+00:00,192.168.56.21,
2026-04-14T10:22:56+00:00,192.168.56.20,
2026-04-14T10:22:56+00:00,192.168.56.21,
2026-04-14T10:23:26+00:00,192.168.56.20,
2026-04-14T10:23:26+00:00,192.168.56.21,
2026-04-14T10:23:56+00:00,192.168.56.20,
2026-04-14T10:23:56+00:00,192.168.56.21,
2026-04-14T10:24:26+00:00,192.168.56.20,
2026-04-14T10:24:26+00:00,192.168.56.21,
2026-04-14T10:24:56+00:00,192.168.56.20,
2026-04-14T10:24:56+00:00,192.168.56.21,
2026-04-14T10:25:27+00:00,192.168.56.20,
2026-04-14T10:25:27+00:00,192.168.56.21,
2026-04-14T10:25:57+00:00,192.168.56.20,
2026-04-14T10:25:57+00:00,192.168.56.21,
2026-04-14T10:26:27+00:00,192.168.56.20,
2026-04-14T10:26:27+00:00,192.168.56.21,
2026-04-14T10:26:57+00:00,192.168.56.20,
2026-04-14T10:26:57+00:00,192.168.56.21,
2026-04-14T10:27:27+00:00,192.168.56.20,
2026-04-14T10:27:27+00:00,192.168.56.21,
2026-04-14T10:27:57+00:00,192.168.56.20,
2026-04-14T10:27:57+00:00,192.168.56.21,
2026-04-14T10:28:27+00:00,192.168.56.20,
2026-04-14T10:28:27+00:00,192.168.56.21,
2026-04-14T10:28:57+00:00,192.168.56.20,
2026-04-14T10:28:57+00:00,192.168.56.21,
2026-04-14T10:29:27+00:00,192.168.56.20,
2026-04-14T10:29:27+00:00,192.168.56.21,
2026-04-14T10:29:57+00:00,192.168.56.20,
2026-04-14T10:29:57+00:00,192.168.56.21,
2026-04-14T10:30:27+00:00,192.168.56.20,
2026-04-14T10:30:27+00:00,192.168.56.21,
2026-04-14T10:30:57+00:00,192.168.56.20,
2026-04-14T10:30:57+00:00,192.168.56.21,
2026-04-14T10:31:27+00:00,192.168.56.20,
2026-04-14T10:31:27+00:00,192.168.56.21,
2026-04-14T10:31:57+00:00,192.168.56.20,
2026-04-14T10:31:57+00:00,192.168.56.21,
2026-04-14T10:32:27+00:00,192.168.56.20,
2026-04-14T10:32:27+00:00,192.168.56.21,
2026-04-14T10:32:57+00:00,192.168.56.20,
2026-04-14T10:32:57+00:00,192.168.56.21,
2026-04-14T10:33:27+00:00,192.168.56.20,
2026-04-14T10:33:27+00:00,192.168.56.21,
2026-04-14T10:33:57+00:00,192.168.56.20,
2026-04-14T10:33:57+00:00,192.168.56.21,
2026-04-14T10:34:27+00:00,192.168.56.20,
2026-04-14T10:34:27+00:00,192.168.56.21,
2026-04-14T10:34:57+00:00,192.168.56.20,
2026-04-14T10:34:57+00:00,192.168.56.21,
2026-04-14T10:35:27+00:00,192.168.56.20,
2026-04-14T10:35:27+00:00,192.168.56.21,
2026-04-14T10:35:57+00:00,192.168.56.20,
2026-04-14T10:35:57+00:00,192.168.56.21,
2026-04-14T10:36:27+00:00,192.168.56.20,
2026-04-14T10:36:27+00:00,192.168.56.21,
2026-04-14T10:36:57+00:00,192.168.56.20,
2026-04-14T10:36:57+00:00,192.168.56.21,
2026-04-14T10:37:27+00:00,192.168.56.20,
2026-04-14T10:37:27+00:00,192.168.56.21,
2026-04-14T10:37:57+00:00,192.168.56.20,
2026-04-14T10:37:57+00:00,192.168.56.21,
2026-04-14T10:38:27+00:00,192.168.56.20,
2026-04-14T10:38:27+00:00,192.168.56.21,
2026-04-14T10:38:57+00:00,192.168.56.20,
2026-04-14T10:38:57+00:00,192.168.56.21,
2026-04-14T10:39:27+00:00,192.168.56.20,
2026-04-14T10:39:27+00:00,192.168.56.21,
2026-04-14T10:39:57+00:00,192.168.56.20,
2026-04-14T10:39:57+00:00,192.168.56.21,
2026-04-14T10:40:27+00:00,192.168.56.20,
2026-04-14T10:40:27+00:00,192.168.56.21,
2026-04-14T10:40:57+00:00,192.168.56.20,
2026-04-14T10:40:57+00:00,192.168.56.21,
2026-04-14T10:41:27+00:00,192.168.56.20,
2026-04-14T10:41:27+00:00,192.168.56.21,
2026-04-14T10:41:57+00:00,192.168.56.20,
2026-04-14T10:41:57+00:00,192.168.56.21,
2026-04-14T10:42:27+00:00,192.168.56.20,
2026-04-14T10:42:27+00:00,192.168.56.21,
2026-04-14T10:42:57+00:00,192.168.56.20,
2026-04-14T10:42:57+00:00,192.168.56.21,
2026-04-14T10:43:27+00:00,192.168.56.20,
2026-04-14T10:43:27+00:00,192.168.56.21,
2026-04-14T10:43:57+00:00,192.168.56.20,
2026-04-14T10:43:57+00:00,192.168.56.21,
2026-04-14T10:44:27+00:00,192.168.56.20,
2026-04-14T10:44:27+00:00,192.168.56.21,
2026-04-14T10:44:57+00:00,192.168.56.20,
2026-04-14T10:44:57+00:00,192.168.56.21,
2026-04-14T10:45:27+00:00,192.168.56.20,
2026-04-14T10:45:27+00:00,192.168.56.21,
2026-04-14T10:45:57+00:00,192.168.56.20,
2026-04-14T10:45:57+00:00,192.168.56.21,
2026-04-14T10:46:27+00:00,192.168.56.20,
2026-04-14T10:46:27+00:00,192.168.56.21,
2026-04-14T10:46:57+00:00,192.168.56.20,
2026-04-14T10:46:57+00:00,192.168.56.21,
2026-04-14T10:47:03+00:00,192.168.56.20,
2026-04-14T10:47:03+00:00,192.168.56.21,
2026-04-14T10:47:33+00:00,192.168.56.20,
2026-04-14T10:47:33+00:00,192.168.56.21,
2026-04-14T10:48:03+00:00,192.168.56.20,
2026-04-14T10:48:03+00:00,192.168.56.21,
2026-04-14T10:48:33+00:00,192.168.56.20,
2026-04-14T10:48:33+00:00,192.168.56.21,
2026-04-14T10:49:03+00:00,192.168.56.20,
2026-04-14T10:49:03+00:00,192.168.56.21,
2026-04-14T10:49:33+00:00,192.168.56.20,
2026-04-14T10:49:33+00:00,192.168.56.21,
2026-04-14T10:50:03+00:00,192.168.56.20,
2026-04-14T10:50:03+00:00,192.168.56.21,
2026-04-14T10:50:33+00:00,192.168.56.20,
2026-04-14T10:50:33+00:00,192.168.56.21,
2026-04-14T10:51:03+00:00,192.168.56.20,
2026-04-14T10:51:03+00:00,192.168.56.21,
2026-04-14T10:51:33+00:00,192.168.56.20,
2026-04-14T10:51:33+00:00,192.168.56.21,
2026-04-14T10:52:03+00:00,192.168.56.20,
2026-04-14T10:52:03+00:00,192.168.56.21,
2026-04-14T10:52:33+00:00,192.168.56.20,
2026-04-14T10:52:33+00:00,192.168.56.21,
2026-04-14T10:53:03+00:00,192.168.56.20,
2026-04-14T10:53:03+00:00,192.168.56.21,
2026-04-14T10:53:33+00:00,192.168.56.20,
2026-04-14T10:53:33+00:00,192.168.56.21,
2026-04-14T10:54:03+00:00,192.168.56.20,
2026-04-14T10:54:03+00:00,192.168.56.21,
2026-04-14T10:54:33+00:00,192.168.56.20,
2026-04-14T10:54:33+00:00,192.168.56.21,
2026-04-14T10:55:03+00:00,192.168.56.20,
2026-04-14T10:55:03+00:00,192.168.56.21,
2026-04-14T10:55:33+00:00,192.168.56.20,
2026-04-14T10:55:33+00:00,192.168.56.21,
2026-04-14T10:56:03+00:00,192.168.56.20,
2026-04-14T10:56:03+00:00,192.168.56.21,
2026-04-14T10:56:33+00:00,192.168.56.20,
2026-04-14T10:56:33+00:00,192.168.56.21,
2026-04-14T10:57:03+00:00,192.168.56.20,
2026-04-14T10:57:03+00:00,192.168.56.21,
2026-04-14T10:57:33+00:00,192.168.56.20,
2026-04-14T10:57:33+00:00,192.168.56.21,
2026-04-14T10:58:03+00:00,192.168.56.20,
2026-04-14T10:58:03+00:00,192.168.56.21,
2026-04-14T10:58:33+00:00,192.168.56.20,
2026-04-14T10:58:33+00:00,192.168.56.21,
2026-04-14T11:00:14+00:00,192.168.56.20,
2026-04-14T11:00:14+00:00,192.168.56.21,
2026-04-14T11:00:44+00:00,192.168.56.20,
2026-04-14T11:00:44+00:00,192.168.56.21,
2026-04-14T11:01:14+00:00,192.168.56.20,
2026-04-14T11:01:14+00:00,192.168.56.21,
2026-04-14T11:01:44+00:00,192.168.56.20,
2026-04-14T11:01:44+00:00,192.168.56.21,
2026-04-14T11:02:14+00:00,192.168.56.20,
2026-04-14T11:02:14+00:00,192.168.56.21,
2026-04-14T11:02:44+00:00,192.168.56.20,
2026-04-14T11:02:44+00:00,192.168.56.21,
2026-04-14T11:03:14+00:00,192.168.56.20,
2026-04-14T11:03:14+00:00,192.168.56.21,
2026-04-14T11:03:44+00:00,192.168.56.20,
2026-04-14T11:03:44+00:00,192.168.56.21,
2026-04-14T11:04:14+00:00,192.168.56.20,
2026-04-14T11:04:14+00:00,192.168.56.21,
2026-04-14T11:04:44+00:00,192.168.56.20,
2026-04-14T11:04:44+00:00,192.168.56.21,
2026-04-14T11:05:14+00:00,192.168.56.20,
2026-04-14T11:05:14+00:00,192.168.56.21,
2026-04-14T11:05:44+00:00,192.168.56.20,
2026-04-14T11:05:44+00:00,192.168.56.21,
2026-04-14T11:06:14+00:00,192.168.56.20,
2026-04-14T11:06:14+00:00,192.168.56.21,
2026-04-14T11:06:44+00:00,192.168.56.20,
2026-04-14T11:06:44+00:00,192.168.56.21,
2026-04-14T11:07:14+00:00,192.168.56.20,
2026-04-14T11:07:14+00:00,192.168.56.21,
2026-04-14T11:07:44+00:00,192.168.56.20,
2026-04-14T11:07:44+00:00,192.168.56.21,
2026-04-14T11:08:14+00:00,192.168.56.20,
2026-04-14T11:08:14+00:00,192.168.56.21,
2026-04-14T11:08:44+00:00,192.168.56.20,
2026-04-14T11:08:44+00:00,192.168.56.21,
2026-04-14T11:09:14+00:00,192.168.56.20,
2026-04-14T11:09:14+00:00,192.168.56.21,
2026-04-14T11:09:44+00:00,192.168.56.20,
2026-04-14T11:09:44+00:00,192.168.56.21,
2026-04-14T11:10:14+00:00,192.168.56.20,
2026-04-14T11:10:14+00:00,192.168.56.21,
2026-04-14T11:10:44+00:00,192.168.56.20,
2026-04-14T11:10:44+00:00,192.168.56.21,
2026-04-14T11:11:14+00:00,192.168.56.20,
2026-04-14T11:11:14+00:00,192.168.56.21,
2026-04-14T11:11:44+00:00,192.168.56.20,
2026-04-14T11:11:44+00:00,192.168.56.21,
2026-04-14T11:12:14+00:00,192.168.56.20,
2026-04-14T11:12:14+00:00,192.168.56.21,
2026-04-14T11:12:44+00:00,192.168.56.20,
2026-04-14T11:12:44+00:00,192.168.56.21,
2026-04-14T11:13:14+00:00,192.168.56.20,
2026-04-14T11:13:14+00:00,192.168.56.21,
2026-04-14T11:13:44+00:00,192.168.56.20,
2026-04-14T11:13:44+00:00,192.168.56.21,
2026-04-14T11:14:14+00:00,192.168.56.20,
2026-04-14T11:14:14+00:00,192.168.56.21,
2026-04-14T11:14:44+00:00,192.168.56.20,
2026-04-14T11:14:44+00:00,192.168.56.21,
2026-04-14T11:15:15+00:00,192.168.56.20,
2026-04-14T11:15:15+00:00,192.168.56.21,
2026-04-14T11:15:45+00:00,192.168.56.20,
2026-04-14T11:15:45+00:00,192.168.56.21,
2026-04-14T11:16:15+00:00,192.168.56.20,
2026-04-14T11:16:15+00:00,192.168.56.21,
2026-04-14T11:16:45+00:00,192.168.56.20,
2026-04-14T11:16:45+00:00,192.168.56.21,
2026-04-14T11:17:15+00:00,192.168.56.20,
2026-04-14T11:17:15+00:00,192.168.56.21,
2026-04-14T11:17:45+00:00,192.168.56.20,
2026-04-14T11:17:45+00:00,192.168.56.21,
2026-04-14T11:18:15+00:00,192.168.56.20,
2026-04-14T11:18:15+00:00,192.168.56.21,
2026-04-14T11:18:45+00:00,192.168.56.20,
2026-04-14T11:18:45+00:00,192.168.56.21,
2026-04-14T11:19:15+00:00,192.168.56.20,
2026-04-14T11:19:15+00:00,192.168.56.21,
2026-04-14T11:19:45+00:00,192.168.56.20,
2026-04-14T11:19:45+00:00,192.168.56.21,
2026-04-14T11:20:15+00:00,192.168.56.20,
2026-04-14T11:20:15+00:00,192.168.56.21,
2026-04-14T11:20:45+00:00,192.168.56.20,
2026-04-14T11:20:45+00:00,192.168.56.21,
2026-04-14T11:21:15+00:00,192.168.56.20,
2026-04-14T11:21:15+00:00,192.168.56.21,
2026-04-14T11:21:45+00:00,192.168.56.20,
2026-04-14T11:21:45+00:00,192.168.56.21,
2026-04-14T11:22:15+00:00,192.168.56.20,
2026-04-14T11:22:15+00:00,192.168.56.21,
2026-04-14T11:22:45+00:00,192.168.56.20,
2026-04-14T11:22:45+00:00,192.168.56.21,
2026-04-14T11:23:15+00:00,192.168.56.20,
2026-04-14T11:23:15+00:00,192.168.56.21,
2026-04-14T11:23:45+00:00,192.168.56.20,
2026-04-14T11:23:45+00:00,192.168.56.21,
2026-04-14T11:24:15+00:00,192.168.56.20,
2026-04-14T11:24:15+00:00,192.168.56.21,
2026-04-14T11:24:45+00:00,192.168.56.20,
2026-04-14T11:24:45+00:00,192.168.56.21,
2026-04-14T11:25:15+00:00,192.168.56.20,
2026-04-14T11:25:15+00:00,192.168.56.21,
2026-04-14T11:25:45+00:00,192.168.56.20,
2026-04-14T11:25:45+00:00,192.168.56.21,
2026-04-14T11:26:15+00:00,192.168.56.20,
2026-04-14T11:26:15+00:00,192.168.56.21,
2026-04-14T12:19:48+00:00,192.168.56.20,
2026-04-14T12:19:48+00:00,192.168.56.21,
2026-04-14T12:20:18+00:00,192.168.56.20,
2026-04-14T12:20:18+00:00,192.168.56.21,
2026-04-14T12:20:48+00:00,192.168.56.20,
2026-04-14T12:20:48+00:00,192.168.56.21,
2026-04-14T12:21:18+00:00,192.168.56.20,
2026-04-14T12:21:18+00:00,192.168.56.21,
2026-04-14T12:21:48+00:00,192.168.56.20,
2026-04-14T12:21:48+00:00,192.168.56.21,
2026-04-14T12:22:18+00:00,192.168.56.20,
2026-04-14T12:22:18+00:00,192.168.56.21,
2026-04-14T12:22:48+00:00,192.168.56.20,
2026-04-14T12:22:48+00:00,192.168.56.21,
2026-04-14T12:23:18+00:00,192.168.56.20,
2026-04-14T12:23:18+00:00,192.168.56.21,
2026-04-14T12:23:48+00:00,192.168.56.20,
2026-04-14T12:23:48+00:00,192.168.56.21,
2026-04-14T12:24:18+00:00,192.168.56.20,
2026-04-14T12:24:18+00:00,192.168.56.21,
2026-04-14T12:24:48+00:00,192.168.56.20,
2026-04-14T12:24:48+00:00,192.168.56.21,
2026-04-14T12:25:18+00:00,192.168.56.20,
2026-04-14T12:25:18+00:00,192.168.56.21,
2026-04-14T12:25:48+00:00,192.168.56.20,
2026-04-14T12:25:48+00:00,192.168.56.21,
2026-04-14T12:26:18+00:00,192.168.56.20,
2026-04-14T12:26:18+00:00,192.168.56.21,
2026-04-14T12:26:48+00:00,192.168.56.20,
2026-04-14T12:26:48+00:00,192.168.56.21,
2026-04-14T12:27:18+00:00,192.168.56.20,
2026-04-14T12:27:18+00:00,192.168.56.21,
2026-04-14T12:27:48+00:00,192.168.56.20,
2026-04-14T12:27:48+00:00,192.168.56.21,
2026-04-14T12:28:18+00:00,192.168.56.20,
2026-04-14T12:28:18+00:00,192.168.56.21,
2026-04-14T12:28:48+00:00,192.168.56.20,
2026-04-14T12:28:48+00:00,192.168.56.21,
2026-04-14T12:29:18+00:00,192.168.56.20,
2026-04-14T12:29:18+00:00,192.168.56.21,
2026-04-14T12:29:48+00:00,192.168.56.20,
2026-04-14T12:29:48+00:00,192.168.56.21,
2026-04-14T12:30:18+00:00,192.168.56.20,
2026-04-14T12:30:18+00:00,192.168.56.21,
2026-04-14T12:30:49+00:00,192.168.56.20,
2026-04-14T12:30:49+00:00,192.168.56.21,
2026-04-14T12:31:19+00:00,192.168.56.20,
2026-04-14T12:31:19+00:00,192.168.56.21,
2026-04-14T12:31:49+00:00,192.168.56.20,
2026-04-14T12:31:49+00:00,192.168.56.21,
2026-04-14T12:32:19+00:00,192.168.56.20,
2026-04-14T12:32:19+00:00,192.168.56.21,
2026-04-14T12:32:49+00:00,192.168.56.20,
2026-04-14T12:32:49+00:00,192.168.56.21,
2026-04-14T12:33:19+00:00,192.168.56.20,
2026-04-14T12:33:19+00:00,192.168.56.21,
2026-04-14T12:33:49+00:00,192.168.56.20,
2026-04-14T12:33:49+00:00,192.168.56.21,
2026-04-14T12:34:19+00:00,192.168.56.20,
2026-04-14T12:34:19+00:00,192.168.56.21,
2026-04-14T12:34:49+00:00,192.168.56.20,
2026-04-14T12:34:49+00:00,192.168.56.21,
2026-04-14T12:35:19+00:00,192.168.56.20,
2026-04-14T12:35:19+00:00,192.168.56.21,
2026-04-14T12:35:49+00:00,192.168.56.20,
2026-04-14T12:35:49+00:00,192.168.56.21,
2026-04-14T12:36:19+00:00,192.168.56.20,
2026-04-14T12:36:19+00:00,192.168.56.21,
2026-04-14T12:36:49+00:00,192.168.56.20,
2026-04-14T12:36:49+00:00,192.168.56.21,
2026-04-14T12:37:19+00:00,192.168.56.20,
2026-04-14T12:37:19+00:00,192.168.56.21,
2026-04-14T12:37:49+00:00,192.168.56.20,
2026-04-14T12:37:49+00:00,192.168.56.21,
2026-04-14T12:38:19+00:00,192.168.56.20,
2026-04-14T12:38:19+00:00,192.168.56.21,
2026-04-14T12:39:18+00:00,192.168.56.20,7
2026-04-14T12:39:18+00:00,192.168.56.21,3
2026-04-14T12:39:49+00:00,192.168.56.20,7
2026-04-14T12:39:49+00:00,192.168.56.21,2
2026-04-14T12:40:19+00:00,192.168.56.20,7
2026-04-14T12:40:19+00:00,192.168.56.21,2
2026-04-14T12:40:49+00:00,192.168.56.20,6
2026-04-14T12:40:49+00:00,192.168.56.21,2
2026-04-14T12:41:19+00:00,192.168.56.20,8
2026-04-14T12:41:19+00:00,192.168.56.21,3
2026-04-14T12:41:49+00:00,192.168.56.20,5
2026-04-14T12:41:49+00:00,192.168.56.21,2
2026-04-14T12:42:19+00:00,192.168.56.20,3
2026-04-14T12:42:19+00:00,192.168.56.21,2
2026-04-14T12:42:49+00:00,192.168.56.20,2
2026-04-14T12:42:49+00:00,192.168.56.21,3
2026-04-14T12:43:19+00:00,192.168.56.20,1
2026-04-14T12:43:19+00:00,192.168.56.21,2
2026-04-14T12:43:49+00:00,192.168.56.20,1
2026-04-14T12:43:49+00:00,192.168.56.21,1
2026-04-14T12:44:19+00:00,192.168.56.20,1
2026-04-14T12:44:19+00:00,192.168.56.21,1
2026-04-14T12:44:49+00:00,192.168.56.20,0
2026-04-14T12:44:49+00:00,192.168.56.21,0
2026-04-14T12:45:19+00:00,192.168.56.20,0
2026-04-14T12:45:19+00:00,192.168.56.21,0
2026-04-14T12:45:49+00:00,192.168.56.20,0
2026-04-14T12:45:49+00:00,192.168.56.21,0
2026-04-14T12:46:19+00:00,192.168.56.20,0
2026-04-14T12:46:19+00:00,192.168.56.21,0
2026-04-14T12:46:49+00:00,192.168.56.20,0
2026-04-14T12:46:49+00:00,192.168.56.21,0
2026-04-14T12:47:19+00:00,192.168.56.20,0
2026-04-14T12:47:19+00:00,192.168.56.21,0
2026-04-14T12:47:49+00:00,192.168.56.20,0
2026-04-14T12:47:49+00:00,192.168.56.21,0
2026-04-14T12:48:19+00:00,192.168.56.20,0
2026-04-14T12:48:19+00:00,192.168.56.21,0
2026-04-14T12:48:49+00:00,192.168.56.20,0
2026-04-14T12:48:49+00:00,192.168.56.21,0
2026-04-14T12:49:19+00:00,192.168.56.20,0
2026-04-14T12:49:19+00:00,192.168.56.21,0
2026-04-14T12:49:49+00:00,192.168.56.20,0
2026-04-14T12:49:49+00:00,192.168.56.21,0
2026-04-14T12:50:19+00:00,192.168.56.20,0
2026-04-14T12:50:19+00:00,192.168.56.21,0
2026-04-14T12:50:49+00:00,192.168.56.20,0
2026-04-14T12:50:49+00:00,192.168.56.21,0
2026-04-14T12:51:19+00:00,192.168.56.20,0
2026-04-14T12:51:19+00:00,192.168.56.21,0
2026-04-14T12:51:49+00:00,192.168.56.20,0
2026-04-14T12:51:49+00:00,192.168.56.21,0
2026-04-14T12:52:19+00:00,192.168.56.20,0
2026-04-14T12:52:19+00:00,192.168.56.21,0
2026-04-14T12:52:49+00:00,192.168.56.20,0
2026-04-14T12:52:49+00:00,192.168.56.21,0
2026-04-14T12:53:19+00:00,192.168.56.20,0
2026-04-14T12:53:19+00:00,192.168.56.21,0
2026-04-14T12:53:49+00:00,192.168.56.20,0
2026-04-14T12:53:49+00:00,192.168.56.21,0
2026-04-14T12:54:19+00:00,192.168.56.20,0
2026-04-14T12:54:19+00:00,192.168.56.21,0
2026-04-14T12:54:49+00:00,192.168.56.20,0
2026-04-14T12:54:49+00:00,192.168.56.21,0
2026-04-14T12:55:20+00:00,192.168.56.20,0
2026-04-14T12:55:20+00:00,192.168.56.21,0
2026-04-14T12:55:50+00:00,192.168.56.20,0
2026-04-14T12:55:50+00:00,192.168.56.21,0
2026-04-14T12:56:20+00:00,192.168.56.20,0
2026-04-14T12:56:20+00:00,192.168.56.21,0
2026-04-14T12:56:50+00:00,192.168.56.20,0
2026-04-14T12:56:50+00:00,192.168.56.21,0
2026-04-14T12:57:20+00:00,192.168.56.20,0
2026-04-14T12:57:20+00:00,192.168.56.21,0
2026-04-14T12:57:50+00:00,192.168.56.20,0
2026-04-14T12:57:50+00:00,192.168.56.21,0
2026-04-14T12:58:20+00:00,192.168.56.20,0
2026-04-14T12:58:20+00:00,192.168.56.21,0
2026-04-14T12:58:50+00:00,192.168.56.20,0
2026-04-14T12:58:50+00:00,192.168.56.21,0
2026-04-14T12:59:20+00:00,192.168.56.20,0
2026-04-14T12:59:20+00:00,192.168.56.21,0
2026-04-14T12:59:50+00:00,192.168.56.20,0
2026-04-14T12:59:50+00:00,192.168.56.21,0
2026-04-14T13:00:20+00:00,192.168.56.20,0
2026-04-14T13:00:20+00:00,192.168.56.21,0
2026-04-14T13:00:50+00:00,192.168.56.20,0
2026-04-14T13:00:50+00:00,192.168.56.21,0
2026-04-14T13:01:20+00:00,192.168.56.20,0
2026-04-14T13:01:20+00:00,192.168.56.21,0
2026-04-14T13:01:50+00:00,192.168.56.20,0
2026-04-14T13:01:50+00:00,192.168.56.21,0
2026-04-14T13:02:20+00:00,192.168.56.20,0
2026-04-14T13:02:20+00:00,192.168.56.21,0
2026-04-14T13:02:50+00:00,192.168.56.20,0
2026-04-14T13:02:50+00:00,192.168.56.21,0
2026-04-14T13:03:20+00:00,192.168.56.20,1
2026-04-14T13:03:20+00:00,192.168.56.21,0
2026-04-14T13:03:50+00:00,192.168.56.20,1
2026-04-14T13:03:50+00:00,192.168.56.21,0
2026-04-14T13:04:20+00:00,192.168.56.20,0
2026-04-14T13:04:20+00:00,192.168.56.21,0
2026-04-14T13:04:50+00:00,192.168.56.20,0
2026-04-14T13:04:50+00:00,192.168.56.21,0
2026-04-14T13:05:20+00:00,192.168.56.20,0
2026-04-14T13:05:20+00:00,192.168.56.21,0
2026-04-14T13:05:50+00:00,192.168.56.20,0
2026-04-14T13:05:50+00:00,192.168.56.21,0
